Customer_Id,Name,NO_OF_LOANS
8,Customer_8,4
41,Customer_41,5
47,Customer_47,3
48,Customer_48,2
66,Customer_66,2
68,Customer_68,2
70,Customer_70,4
75,Customer_75,2
122,Customer_122,2
160,Customer_160,3
180,Customer_180,2
185,Customer_185,2
213,Customer_213,3
217,Customer_217,2
275,Customer_275,2
283,Customer_283,2
292,Customer_292,3
293,Customer_293,2
304,Customer_304,2
315,Customer_315,2
326,Customer_326,2
327,Customer_327,2
349,Customer_349,3
350,Customer_350,2
358,Customer_358,2
395,Customer_395,2
398,Customer_398,2
406,Customer_406,2
433,Customer_433,2
443,Customer_443,3
445,Customer_445,2
497,Customer_497,2
519,Customer_519,2
531,Customer_531,3
533,Customer_533,4
551,Customer_551,2
604,Customer_604,2
609,Customer_609,2
626,Customer_626,2
635,Customer_635,2
645,Customer_645,3
647,Customer_647,2
662,Customer_662,2
671,Customer_671,2
678,Customer_678,2
681,Customer_681,2
696,Customer_696,3
717,Customer_717,3
733,Customer_733,4
759,Customer_759,2
767,Customer_767,2
784,Customer_784,5
840,Customer_840,2
844,Customer_844,2
845,Customer_845,2
857,Customer_857,2
859,Customer_859,4
883,Customer_883,2
886,Customer_886,2
902,Customer_902,2
905,Customer_905,2
934,Customer_934,2
949,Customer_949,2
991,Customer_991,2
1015,Customer_1015,2
1026,Customer_1026,2
1036,Customer_1036,2
1040,Customer_1040,3
1058,Customer_1058,2
1064,Customer_1064,2
1074,Customer_1074,3
1088,Customer_1088,3
1097,Customer_1097,3
1100,Customer_1100,2
1104,Customer_1104,2
1129,Customer_1129,2
1133,Customer_1133,3
1148,Customer_1148,2
1173,Customer_1173,3
1177,Customer_1177,2
1182,Customer_1182,2
1183,Customer_1183,2
1192,Customer_1192,2
1193,Customer_1193,2
1221,Customer_1221,2
1227,Customer_1227,3
1240,Customer_1240,2
1242,Customer_1242,2
1246,Customer_1246,2
1257,Customer_1257,2
1258,Customer_1258,2
1336,Customer_1336,3
1353,Customer_1353,3
1355,Customer_1355,2
1385,Customer_1385,2
1389,Customer_1389,3
1392,Customer_1392,4
1401,Customer_1401,2
1456,Customer_1456,3
1463,Customer_1463,2
1465,Customer_1465,2
1490,Customer_1490,2
1525,Customer_1525,2
1527,Customer_1527,2
1535,Customer_1535,4
1569,Customer_1569,2
1584,Customer_1584,2
1594,Customer_1594,2
1602,Customer_1602,4
1643,Customer_1643,2
1646,Customer_1646,3
1660,Customer_1660,2
1663,Customer_1663,2
1664,Customer_1664,3
1705,Customer_1705,2
1721,Customer_1721,2
1759,Customer_1759,2
1762,Customer_1762,2
1766,Customer_1766,2
1801,Customer_1801,2
1876,Customer_1876,2
1878,Customer_1878,2
1896,Customer_1896,2
1900,Customer_1900,3
1903,Customer_1903,2
1911,Customer_1911,2
1920,Customer_1920,3
1927,Customer_1927,2
1941,Customer_1941,2
1949,Customer_1949,2
1965,Customer_1965,2
1973,Customer_1973,2
1981,Customer_1981,3
2008,Customer_2008,3
2046,Customer_2046,2
2071,Customer_2071,3
2076,Customer_2076,5
2078,Customer_2078,2
2082,Customer_2082,3
2084,Customer_2084,3
2088,Customer_2088,2
2094,Customer_2094,2
2117,Customer_2117,2
2133,Customer_2133,3
2145,Customer_2145,3
2155,Customer_2155,2
2157,Customer_2157,2
2164,Customer_2164,2
2172,Customer_2172,2
2207,Customer_2207,3
2210,Customer_2210,3
2216,Customer_2216,3
2222,Customer_2222,2
2226,Customer_2226,2
2230,Customer_2230,2
2259,Customer_2259,2
2264,Customer_2264,2
2266,Customer_2266,3
2315,Customer_2315,2
2325,Customer_2325,4
2361,Customer_2361,3
2365,Customer_2365,2
2390,Customer_2390,3
2419,Customer_2419,2
2430,Customer_2430,2
2431,Customer_2431,2
2451,Customer_2451,2
2466,Customer_2466,2
2478,Customer_2478,2
2532,Customer_2532,2
2557,Customer_2557,2
2563,Customer_2563,2
2600,Customer_2600,2
2602,Customer_2602,2
2604,Customer_2604,2
2617,Customer_2617,2
2622,Customer_2622,2
2641,Customer_2641,2
2645,Customer_2645,2
2647,Customer_2647,2
2648,Customer_2648,2
2671,Customer_2671,2
2677,Customer_2677,2
2689,Customer_2689,2
2705,Customer_2705,2
2735,Customer_2735,2
2751,Customer_2751,3
2772,Customer_2772,2
2777,Customer_2777,2
2789,Customer_2789,2
2820,Customer_2820,2
2852,Customer_2852,4
2909,Customer_2909,2
2912,Customer_2912,4
2930,Customer_2930,3
2950,Customer_2950,2
2957,Customer_2957,3
2960,Customer_2960,2
2972,Customer_2972,2
2975,Customer_2975,2
2982,Customer_2982,4
3035,Customer_3035,3
3061,Customer_3061,2
3074,Customer_3074,3
3108,Customer_3108,2
3120,Customer_3120,2
3124,Customer_3124,3
3130,Customer_3130,2
3140,Customer_3140,2
3168,Customer_3168,2
3169,Customer_3169,2
3172,Customer_3172,3
3181,Customer_3181,2
3187,Customer_3187,3
3212,Customer_3212,2
3225,Customer_3225,2
3231,Customer_3231,2
3234,Customer_3234,2
3236,Customer_3236,2
3245,Customer_3245,4
3254,Customer_3254,2
3297,Customer_3297,2
3310,Customer_3310,2
3327,Customer_3327,2
3357,Customer_3357,2
3361,Customer_3361,3
3364,Customer_3364,2
3392,Customer_3392,3
3416,Customer_3416,2
3420,Customer_3420,2
3421,Customer_3421,2
3423,Customer_3423,2
3436,Customer_3436,2
3439,Customer_3439,3
3453,Customer_3453,3
3458,Customer_3458,2
3471,Customer_3471,4
3475,Customer_3475,2
3480,Customer_3480,2
3484,Customer_3484,2
3485,Customer_3485,4
3495,Customer_3495,2
3496,Customer_3496,5
3505,Customer_3505,4
3551,Customer_3551,2
3552,Customer_3552,3
3564,Customer_3564,2
3566,Customer_3566,2
3609,Customer_3609,2
3632,Customer_3632,2
3635,Customer_3635,2
3650,Customer_3650,3
3665,Customer_3665,3
3669,Customer_3669,2
3677,Customer_3677,2
3678,Customer_3678,2
3704,Customer_3704,2
3719,Customer_3719,2
3749,Customer_3749,2
3755,Customer_3755,2
3756,Customer_3756,3
3759,Customer_3759,6
3773,Customer_3773,3
3777,Customer_3777,2
3780,Customer_3780,2
3790,Customer_3790,2
3804,Customer_3804,3
3817,Customer_3817,3
3820,Customer_3820,2
3826,Customer_3826,2
3841,Customer_3841,2
3843,Customer_3843,2
3871,Customer_3871,2
3905,Customer_3905,4
3926,Customer_3926,4
3964,Customer_3964,2
3973,Customer_3973,2
3978,Customer_3978,2
3988,Customer_3988,2
4010,Customer_4010,3
4041,Customer_4041,2
4067,Customer_4067,2
4075,Customer_4075,2
4127,Customer_4127,4
4142,Customer_4142,2
4166,Customer_4166,3
4180,Customer_4180,3
4218,Customer_4218,2
4265,Customer_4265,3
4270,Customer_4270,3
4275,Customer_4275,3
4277,Customer_4277,3
4281,Customer_4281,2
4289,Customer_4289,2
4346,Customer_4346,2
4387,Customer_4387,4
4389,Customer_4389,2
4394,Customer_4394,2
4401,Customer_4401,4
4435,Customer_4435,2
4460,Customer_4460,3
4472,Customer_4472,2
4495,Customer_4495,2
4504,Customer_4504,3
4533,Customer_4533,4
4543,Customer_4543,2
4550,Customer_4550,3
4553,Customer_4553,2
4594,Customer_4594,2
4605,Customer_4605,3
4617,Customer_4617,2
4621,Customer_4621,3
4644,Customer_4644,2
4649,Customer_4649,2
4660,Customer_4660,2
4661,Customer_4661,2
4679,Customer_4679,3
4733,Customer_4733,2
4738,Customer_4738,2
4742,Customer_4742,2
4783,Customer_4783,2
4809,Customer_4809,2
4815,Customer_4815,2
4830,Customer_4830,3
4862,Customer_4862,2
4870,Customer_4870,2
4907,Customer_4907,2
4914,Customer_4914,2
4925,Customer_4925,2
4953,Customer_4953,3
4975,Customer_4975,2
4995,Customer_4995,6
4996,Customer_4996,2
5013,Customer_5013,2
5042,Customer_5042,2
5055,Customer_5055,2
5064,Customer_5064,3
5079,Customer_5079,2
5080,Customer_5080,2
5102,Customer_5102,2
5109,Customer_5109,2
5114,Customer_5114,2
5118,Customer_5118,2
5133,Customer_5133,2
5153,Customer_5153,2
5162,Customer_5162,2
5167,Customer_5167,2
5189,Customer_5189,2
5191,Customer_5191,2
5193,Customer_5193,2
5207,Customer_5207,3
5213,Customer_5213,3
5302,Customer_5302,2
5309,Customer_5309,2
5322,Customer_5322,2
5327,Customer_5327,2
5358,Customer_5358,3
5370,Customer_5370,3
5378,Customer_5378,2
5394,Customer_5394,2
5433,Customer_5433,2
5445,Customer_5445,2
5446,Customer_5446,3
5459,Customer_5459,2
5499,Customer_5499,4
5548,Customer_5548,4
5556,Customer_5556,2
5610,Customer_5610,2
5657,Customer_5657,2
5677,Customer_5677,2
5692,Customer_5692,4
5710,Customer_5710,2
5744,Customer_5744,2
5774,Customer_5774,3
5782,Customer_5782,2
5813,Customer_5813,3
5819,Customer_5819,3
5821,Customer_5821,4
5826,Customer_5826,3
5847,Customer_5847,2
5884,Customer_5884,2
5885,Customer_5885,2
5892,Customer_5892,3
5904,Customer_5904,2
5947,Customer_5947,3
6012,Customer_6012,3
6020,Customer_6020,2
6026,Customer_6026,2
6031,Customer_6031,2
6033,Customer_6033,5
6093,Customer_6093,3
6123,Customer_6123,2
6128,Customer_6128,2
6139,Customer_6139,2
6142,Customer_6142,2
6189,Customer_6189,2
6193,Customer_6193,2
6202,Customer_6202,2
6235,Customer_6235,2
6242,Customer_6242,2
6262,Customer_6262,2
6270,Customer_6270,2
6276,Customer_6276,2
6280,Customer_6280,2
6296,Customer_6296,3
6303,Customer_6303,3
6304,Customer_6304,2
6320,Customer_6320,2
6353,Customer_6353,3
6366,Customer_6366,2
6372,Customer_6372,2
6374,Customer_6374,2
6379,Customer_6379,3
6392,Customer_6392,2
6404,Customer_6404,3
6406,Customer_6406,4
6420,Customer_6420,2
6428,Customer_6428,2
6444,Customer_6444,2
6474,Customer_6474,2
6482,Customer_6482,3
6503,Customer_6503,2
6529,Customer_6529,3
6537,Customer_6537,2
6592,Customer_6592,2
6601,Customer_6601,3
6623,Customer_6623,2
6671,Customer_6671,3
6683,Customer_6683,3
6689,Customer_6689,3
6720,Customer_6720,3
6724,Customer_6724,2
6768,Customer_6768,2
6778,Customer_6778,3
6786,Customer_6786,2
6797,Customer_6797,4
6799,Customer_6799,2
6813,Customer_6813,2
6837,Customer_6837,2
6844,Customer_6844,2
6846,Customer_6846,2
6847,Customer_6847,2
6848,Customer_6848,2
6865,Customer_6865,3
6873,Customer_6873,2
6887,Customer_6887,2
6904,Customer_6904,3
6925,Customer_6925,2
6929,Customer_6929,3
6939,Customer_6939,3
6962,Customer_6962,3
6965,Customer_6965,2
6973,Customer_6973,3
6995,Customer_6995,5
7049,Customer_7049,2
7083,Customer_7083,2
7135,Customer_7135,2
7150,Customer_7150,2
7162,Customer_7162,2
7172,Customer_7172,3
7194,Customer_7194,4
7197,Customer_7197,2
7201,Customer_7201,2
7223,Customer_7223,2
7255,Customer_7255,2
7284,Customer_7284,3
7288,Customer_7288,2
7291,Customer_7291,2
7367,Customer_7367,2
7387,Customer_7387,2
7415,Customer_7415,2
7418,Customer_7418,2
7419,Customer_7419,2
7445,Customer_7445,2
7462,Customer_7462,2
7492,Customer_7492,4
7574,Customer_7574,2
7576,Customer_7576,2
7608,Customer_7608,2
7639,Customer_7639,6
7673,Customer_7673,2
7707,Customer_7707,4
7729,Customer_7729,3
7747,Customer_7747,2
7748,Customer_7748,3
7777,Customer_7777,2
7788,Customer_7788,2
7794,Customer_7794,2
7798,Customer_7798,2
7831,Customer_7831,2
7847,Customer_7847,2
7857,Customer_7857,2
7893,Customer_7893,2
7910,Customer_7910,3
7968,Customer_7968,3
7974,Customer_7974,2
7978,Customer_7978,3
7980,Customer_7980,2
7997,Customer_7997,3
8019,Customer_8019,3
8024,Customer_8024,2
8057,Customer_8057,3
8062,Customer_8062,2
8086,Customer_8086,2
8118,Customer_8118,3
8144,Customer_8144,3
8148,Customer_8148,3
8152,Customer_8152,2
8166,Customer_8166,4
8176,Customer_8176,2
8185,Customer_8185,2
8204,Customer_8204,3
8222,Customer_8222,3
8238,Customer_8238,2
8243,Customer_8243,2
8256,Customer_8256,2
8258,Customer_8258,2
8264,Customer_8264,3
8268,Customer_8268,2
8272,Customer_8272,2
8273,Customer_8273,2
8277,Customer_8277,2
8312,Customer_8312,2
8323,Customer_8323,2
8346,Customer_8346,2
8359,Customer_8359,2
8371,Customer_8371,2
8398,Customer_8398,2
8399,Customer_8399,2
8408,Customer_8408,2
8449,Customer_8449,2
8481,Customer_8481,2
8487,Customer_8487,2
8508,Customer_8508,2
8519,Customer_8519,2
8523,Customer_8523,2
8533,Customer_8533,5
8543,Customer_8543,2
8549,Customer_8549,2
8580,Customer_8580,3
8581,Customer_8581,2
8603,Customer_8603,2
8617,Customer_8617,2
8623,Customer_8623,3
8657,Customer_8657,4
8669,Customer_8669,2
8674,Customer_8674,3
8680,Customer_8680,2
8702,Customer_8702,2
8704,Customer_8704,3
8708,Customer_8708,3
8716,Customer_8716,2
8725,Customer_8725,3
8744,Customer_8744,2
8745,Customer_8745,3
8751,Customer_8751,2
8770,Customer_8770,2
8778,Customer_8778,3
8788,Customer_8788,2
8813,Customer_8813,2
8830,Customer_8830,2
8834,Customer_8834,2
8836,Customer_8836,2
8839,Customer_8839,3
8843,Customer_8843,2
8846,Customer_8846,2
8859,Customer_8859,2
8862,Customer_8862,2
8876,Customer_8876,2
8887,Customer_8887,3
8906,Customer_8906,2
8921,Customer_8921,3
8926,Customer_8926,2
8937,Customer_8937,2
8942,Customer_8942,2
8947,Customer_8947,3
8958,Customer_8958,2
8959,Customer_8959,4
8972,Customer_8972,2
8973,Customer_8973,2
8994,Customer_8994,2
9007,Customer_9007,2
9012,Customer_9012,4
9055,Customer_9055,2
9086,Customer_9086,3
9091,Customer_9091,2
9104,Customer_9104,2
9108,Customer_9108,2
9155,Customer_9155,2
9164,Customer_9164,2
9194,Customer_9194,2
9200,Customer_9200,2
9208,Customer_9208,2
9236,Customer_9236,3
9259,Customer_9259,2
9275,Customer_9275,2
9295,Customer_9295,2
9298,Customer_9298,2
9300,Customer_9300,2
9339,Customer_9339,2
9362,Customer_9362,3
9378,Customer_9378,3
9379,Customer_9379,3
9396,Customer_9396,2
9430,Customer_9430,3
9431,Customer_9431,3
9436,Customer_9436,3
9443,Customer_9443,3
9465,Customer_9465,2
9508,Customer_9508,2
9531,Customer_9531,2
9556,Customer_9556,2
9585,Customer_9585,5
9591,Customer_9591,2
9594,Customer_9594,2
9627,Customer_9627,3
9636,Customer_9636,2
9650,Customer_9650,2
9670,Customer_9670,2
9672,Customer_9672,3
9680,Customer_9680,2
9683,Customer_9683,3
9695,Customer_9695,2
9709,Customer_9709,2
9710,Customer_9710,2
9711,Customer_9711,2
9766,Customer_9766,2
9767,Customer_9767,5
9787,Customer_9787,4
9801,Customer_9801,3
9814,Customer_9814,2
9826,Customer_9826,2
9855,Customer_9855,2
9864,Customer_9864,3
9867,Customer_9867,2
9901,Customer_9901,2
9915,Customer_9915,2
9927,Customer_9927,2
9941,Customer_9941,3
9946,Customer_9946,2
9968,Customer_9968,2
9993,Customer_9993,2
62,Customer_62,2
77,Customer_77,3
83,Customer_83,3
94,Customer_94,2
142,Customer_142,2
145,Customer_145,2
155,Customer_155,3
168,Customer_168,2
170,Customer_170,2
184,Customer_184,2
188,Customer_188,2
195,Customer_195,2
196,Customer_196,2
228,Customer_228,2
229,Customer_229,2
231,Customer_231,2
233,Customer_233,2
240,Customer_240,2
313,Customer_313,2
325,Customer_325,2
346,Customer_346,3
347,Customer_347,2
353,Customer_353,2
361,Customer_361,2
372,Customer_372,2
410,Customer_410,3
419,Customer_419,2
444,Customer_444,2
448,Customer_448,2
456,Customer_456,3
458,Customer_458,2
480,Customer_480,2
501,Customer_501,2
512,Customer_512,2
532,Customer_532,2
535,Customer_535,5
536,Customer_536,2
539,Customer_539,2
555,Customer_555,2
557,Customer_557,2
559,Customer_559,4
563,Customer_563,2
591,Customer_591,3
602,Customer_602,2
605,Customer_605,2
608,Customer_608,3
613,Customer_613,2
633,Customer_633,3
637,Customer_637,2
649,Customer_649,2
658,Customer_658,2
659,Customer_659,2
667,Customer_667,2
670,Customer_670,3
682,Customer_682,3
685,Customer_685,2
725,Customer_725,2
727,Customer_727,2
736,Customer_736,2
745,Customer_745,3
760,Customer_760,2
762,Customer_762,2
772,Customer_772,2
792,Customer_792,2
807,Customer_807,2
820,Customer_820,3
824,Customer_824,2
831,Customer_831,2
871,Customer_871,2
900,Customer_900,2
912,Customer_912,3
941,Customer_941,2
966,Customer_966,2
977,Customer_977,2
1017,Customer_1017,3
1019,Customer_1019,2
1038,Customer_1038,3
1041,Customer_1041,2
1054,Customer_1054,2
1056,Customer_1056,2
1067,Customer_1067,2
1089,Customer_1089,2
1098,Customer_1098,2
1112,Customer_1112,2
1113,Customer_1113,2
1125,Customer_1125,2
1144,Customer_1144,2
1152,Customer_1152,3
1166,Customer_1166,3
1171,Customer_1171,3
1191,Customer_1191,2
1195,Customer_1195,2
1206,Customer_1206,2
1219,Customer_1219,5
1225,Customer_1225,3
1237,Customer_1237,3
1279,Customer_1279,2
1292,Customer_1292,2
1307,Customer_1307,3
1308,Customer_1308,2
1311,Customer_1311,3
1312,Customer_1312,2
1351,Customer_1351,2
1371,Customer_1371,2
1374,Customer_1374,2
1383,Customer_1383,3
1384,Customer_1384,2
1391,Customer_1391,2
1396,Customer_1396,3
1398,Customer_1398,2
1417,Customer_1417,2
1419,Customer_1419,3
1448,Customer_1448,4
1458,Customer_1458,2
1514,Customer_1514,2
1593,Customer_1593,2
1607,Customer_1607,3
1620,Customer_1620,2
1621,Customer_1621,2
1634,Customer_1634,2
1644,Customer_1644,2
1661,Customer_1661,2
1713,Customer_1713,2
1739,Customer_1739,2
1748,Customer_1748,4
1794,Customer_1794,2
1802,Customer_1802,3
1805,Customer_1805,3
1818,Customer_1818,2
1831,Customer_1831,2
1854,Customer_1854,2
1905,Customer_1905,2
1955,Customer_1955,2
1972,Customer_1972,2
2011,Customer_2011,2
2015,Customer_2015,2
2020,Customer_2020,2
2070,Customer_2070,2
2111,Customer_2111,3
2127,Customer_2127,3
2146,Customer_2146,2
2195,Customer_2195,3
2199,Customer_2199,3
2206,Customer_2206,2
2223,Customer_2223,2
2253,Customer_2253,2
2293,Customer_2293,3
2301,Customer_2301,2
2302,Customer_2302,2
2309,Customer_2309,2
2337,Customer_2337,2
2344,Customer_2344,3
2381,Customer_2381,4
2391,Customer_2391,3
2407,Customer_2407,2
2436,Customer_2436,2
2447,Customer_2447,2
2452,Customer_2452,2
2457,Customer_2457,2
2461,Customer_2461,3
2530,Customer_2530,3
2531,Customer_2531,2
2540,Customer_2540,2
2591,Customer_2591,3
2595,Customer_2595,2
2601,Customer_2601,2
2637,Customer_2637,2
2650,Customer_2650,4
2657,Customer_2657,3
2663,Customer_2663,5
2675,Customer_2675,4
2681,Customer_2681,2
2685,Customer_2685,2
2688,Customer_2688,2
2690,Customer_2690,3
2702,Customer_2702,3
2703,Customer_2703,2
2724,Customer_2724,2
2733,Customer_2733,2
2738,Customer_2738,2
2745,Customer_2745,2
2755,Customer_2755,2
2757,Customer_2757,2
2778,Customer_2778,2
2794,Customer_2794,2
2798,Customer_2798,2
2802,Customer_2802,3
2810,Customer_2810,3
2813,Customer_2813,2
2821,Customer_2821,2
2823,Customer_2823,2
2824,Customer_2824,2
2836,Customer_2836,4
2840,Customer_2840,2
2848,Customer_2848,4
2851,Customer_2851,4
2868,Customer_2868,2
2883,Customer_2883,2
2886,Customer_2886,2
2905,Customer_2905,2
2926,Customer_2926,2
2931,Customer_2931,2
2935,Customer_2935,2
2954,Customer_2954,2
2994,Customer_2994,2
3004,Customer_3004,2
3009,Customer_3009,2
3015,Customer_3015,2
3031,Customer_3031,2
3033,Customer_3033,2
3034,Customer_3034,2
3056,Customer_3056,2
3064,Customer_3064,2
3075,Customer_3075,2
3086,Customer_3086,5
3116,Customer_3116,2
3125,Customer_3125,3
3137,Customer_3137,2
3155,Customer_3155,2
3170,Customer_3170,2
3171,Customer_3171,2
3180,Customer_3180,4
3195,Customer_3195,4
3210,Customer_3210,2
3215,Customer_3215,2
3247,Customer_3247,2
3258,Customer_3258,2
3262,Customer_3262,3
3285,Customer_3285,3
3290,Customer_3290,2
3312,Customer_3312,2
3315,Customer_3315,3
3340,Customer_3340,2
3373,Customer_3373,3
3375,Customer_3375,3
3397,Customer_3397,2
3398,Customer_3398,3
3402,Customer_3402,2
3412,Customer_3412,3
3414,Customer_3414,3
3422,Customer_3422,2
3461,Customer_3461,2
3482,Customer_3482,2
3499,Customer_3499,2
3557,Customer_3557,3
3589,Customer_3589,3
3591,Customer_3591,2
3603,Customer_3603,2
3642,Customer_3642,2
3658,Customer_3658,3
3667,Customer_3667,2
3672,Customer_3672,2
3705,Customer_3705,2
3706,Customer_3706,2
3707,Customer_3707,2
3709,Customer_3709,3
3714,Customer_3714,2
3727,Customer_3727,2
3747,Customer_3747,2
3758,Customer_3758,2
3760,Customer_3760,2
3772,Customer_3772,2
3815,Customer_3815,2
3829,Customer_3829,2
3835,Customer_3835,2
3836,Customer_3836,3
3845,Customer_3845,2
3900,Customer_3900,2
3906,Customer_3906,5
3914,Customer_3914,2
3917,Customer_3917,2
3918,Customer_3918,2
3930,Customer_3930,2
3939,Customer_3939,4
3955,Customer_3955,2
3981,Customer_3981,2
3986,Customer_3986,2
3995,Customer_3995,2
4032,Customer_4032,2
4035,Customer_4035,2
4043,Customer_4043,2
4045,Customer_4045,2
4070,Customer_4070,2
4081,Customer_4081,2
4087,Customer_4087,2
4090,Customer_4090,3
4096,Customer_4096,3
4145,Customer_4145,2
4151,Customer_4151,2
4185,Customer_4185,2
4201,Customer_4201,2
4202,Customer_4202,2
4229,Customer_4229,3
4246,Customer_4246,2
4291,Customer_4291,2
4317,Customer_4317,2
4324,Customer_4324,3
4337,Customer_4337,2
4343,Customer_4343,2
4358,Customer_4358,2
4365,Customer_4365,4
4366,Customer_4366,2
4376,Customer_4376,2
4428,Customer_4428,2
4440,Customer_4440,2
4456,Customer_4456,2
4457,Customer_4457,2
4465,Customer_4465,2
4490,Customer_4490,3
4497,Customer_4497,2
4552,Customer_4552,4
4559,Customer_4559,2
4578,Customer_4578,2
4658,Customer_4658,2
4663,Customer_4663,2
4673,Customer_4673,2
4703,Customer_4703,2
4708,Customer_4708,2
4729,Customer_4729,2
4734,Customer_4734,2
4743,Customer_4743,3
4761,Customer_4761,2
4786,Customer_4786,2
4788,Customer_4788,2
4794,Customer_4794,4
4795,Customer_4795,2
4821,Customer_4821,2
4843,Customer_4843,3
4884,Customer_4884,2
4943,Customer_4943,2
4965,Customer_4965,2
4970,Customer_4970,3
4982,Customer_4982,2
4993,Customer_4993,2
5008,Customer_5008,2
5012,Customer_5012,3
5085,Customer_5085,2
5113,Customer_5113,2
5117,Customer_5117,4
5140,Customer_5140,2
5158,Customer_5158,2
5160,Customer_5160,2
5166,Customer_5166,2
5186,Customer_5186,3
5198,Customer_5198,2
5203,Customer_5203,2
5220,Customer_5220,3
5223,Customer_5223,2
5231,Customer_5231,3
5238,Customer_5238,4
5248,Customer_5248,3
5268,Customer_5268,3
5283,Customer_5283,2
5328,Customer_5328,2
5351,Customer_5351,2
5376,Customer_5376,2
5405,Customer_5405,2
5410,Customer_5410,2
5422,Customer_5422,2
5441,Customer_5441,2
5453,Customer_5453,2
5477,Customer_5477,2
5480,Customer_5480,3
5484,Customer_5484,2
5501,Customer_5501,2
5511,Customer_5511,2
5521,Customer_5521,3
5527,Customer_5527,2
5530,Customer_5530,2
5561,Customer_5561,4
5572,Customer_5572,2
5578,Customer_5578,2
5617,Customer_5617,2
5625,Customer_5625,3
5639,Customer_5639,2
5651,Customer_5651,2
5666,Customer_5666,3
5668,Customer_5668,2
5674,Customer_5674,2
5720,Customer_5720,2
5722,Customer_5722,2
5733,Customer_5733,2
5740,Customer_5740,2
5755,Customer_5755,2
5756,Customer_5756,2
5773,Customer_5773,2
5795,Customer_5795,2
5806,Customer_5806,3
5824,Customer_5824,3
5838,Customer_5838,2
5846,Customer_5846,3
5856,Customer_5856,2
5862,Customer_5862,2
5886,Customer_5886,2
5899,Customer_5899,2
5923,Customer_5923,3
5933,Customer_5933,2
5942,Customer_5942,4
5956,Customer_5956,2
5979,Customer_5979,2
5983,Customer_5983,2
5991,Customer_5991,5
5992,Customer_5992,4
6008,Customer_6008,2
6016,Customer_6016,2
6025,Customer_6025,2
6027,Customer_6027,2
6041,Customer_6041,2
6049,Customer_6049,2
6053,Customer_6053,3
6084,Customer_6084,3
6174,Customer_6174,2
6179,Customer_6179,2
6231,Customer_6231,2
6237,Customer_6237,3
6244,Customer_6244,2
6246,Customer_6246,3
6286,Customer_6286,2
6307,Customer_6307,2
6319,Customer_6319,2
6322,Customer_6322,3
6328,Customer_6328,3
6354,Customer_6354,2
6368,Customer_6368,4
6396,Customer_6396,2
6411,Customer_6411,2
6438,Customer_6438,2
6449,Customer_6449,3
6471,Customer_6471,2
6476,Customer_6476,2
6483,Customer_6483,3
6502,Customer_6502,2
6524,Customer_6524,3
6534,Customer_6534,2
6539,Customer_6539,2
6544,Customer_6544,2
6563,Customer_6563,2
6569,Customer_6569,2
6575,Customer_6575,2
6582,Customer_6582,2
6602,Customer_6602,2
6629,Customer_6629,2
6642,Customer_6642,3
6686,Customer_6686,2
6699,Customer_6699,2
6714,Customer_6714,4
6735,Customer_6735,2
6738,Customer_6738,2
6784,Customer_6784,3
6791,Customer_6791,2
6808,Customer_6808,2
6817,Customer_6817,5
6822,Customer_6822,2
6833,Customer_6833,2
6849,Customer_6849,2
6876,Customer_6876,2
6915,Customer_6915,2
6947,Customer_6947,2
7013,Customer_7013,2
7022,Customer_7022,2
7031,Customer_7031,4
7043,Customer_7043,3
7052,Customer_7052,2
7069,Customer_7069,2
7119,Customer_7119,3
7140,Customer_7140,2
7148,Customer_7148,3
7171,Customer_7171,2
7214,Customer_7214,4
7216,Customer_7216,3
7226,Customer_7226,2
7230,Customer_7230,2
7248,Customer_7248,2
7303,Customer_7303,2
7307,Customer_7307,2
7318,Customer_7318,2
7337,Customer_7337,2
7373,Customer_7373,2
7379,Customer_7379,2
7428,Customer_7428,4
7469,Customer_7469,3
7482,Customer_7482,2
7489,Customer_7489,3
7497,Customer_7497,2
7522,Customer_7522,2
7534,Customer_7534,2
7546,Customer_7546,4
7554,Customer_7554,2
7556,Customer_7556,2
7579,Customer_7579,2
7589,Customer_7589,2
7593,Customer_7593,2
7595,Customer_7595,3
7599,Customer_7599,2
7604,Customer_7604,2
7610,Customer_7610,2
7618,Customer_7618,3
7626,Customer_7626,2
7669,Customer_7669,2
7721,Customer_7721,2
7726,Customer_7726,2
7762,Customer_7762,2
7801,Customer_7801,2
7804,Customer_7804,2
7808,Customer_7808,2
7810,Customer_7810,2
7825,Customer_7825,2
7837,Customer_7837,2
7842,Customer_7842,3
7902,Customer_7902,2
7923,Customer_7923,3
7934,Customer_7934,2
7956,Customer_7956,2
7964,Customer_7964,3
8010,Customer_8010,3
8034,Customer_8034,2
8049,Customer_8049,2
8061,Customer_8061,2
8088,Customer_8088,2
8110,Customer_8110,3
8145,Customer_8145,3
8153,Customer_8153,3
8223,Customer_8223,2
8233,Customer_8233,3
8235,Customer_8235,3
8240,Customer_8240,2
8255,Customer_8255,2
8265,Customer_8265,2
8314,Customer_8314,3
8318,Customer_8318,2
8326,Customer_8326,3
8348,Customer_8348,4
8378,Customer_8378,4
8382,Customer_8382,4
8413,Customer_8413,2
8416,Customer_8416,4
8436,Customer_8436,2
8438,Customer_8438,2
8455,Customer_8455,3
8460,Customer_8460,3
8486,Customer_8486,2
8495,Customer_8495,2
8502,Customer_8502,2
8509,Customer_8509,4
8512,Customer_8512,2
8514,Customer_8514,2
8529,Customer_8529,3
8537,Customer_8537,2
8544,Customer_8544,2
8558,Customer_8558,3
8619,Customer_8619,2
8620,Customer_8620,2
8621,Customer_8621,2
8622,Customer_8622,2
8651,Customer_8651,2
8658,Customer_8658,3
8659,Customer_8659,2
8677,Customer_8677,2
8679,Customer_8679,2
8729,Customer_8729,3
8761,Customer_8761,3
8775,Customer_8775,4
8779,Customer_8779,4
8796,Customer_8796,2
8804,Customer_8804,2
8808,Customer_8808,3
8814,Customer_8814,2
8820,Customer_8820,2
8824,Customer_8824,2
8832,Customer_8832,2
8847,Customer_8847,3
8874,Customer_8874,3
8880,Customer_8880,4
8915,Customer_8915,2
8919,Customer_8919,3
8929,Customer_8929,2
8938,Customer_8938,2
8940,Customer_8940,3
8954,Customer_8954,3
8956,Customer_8956,2
8962,Customer_8962,2
8971,Customer_8971,2
8988,Customer_8988,2
8998,Customer_8998,3
9009,Customer_9009,2
9013,Customer_9013,3
9026,Customer_9026,2
9047,Customer_9047,2
9073,Customer_9073,2
9085,Customer_9085,2
9092,Customer_9092,2
9118,Customer_9118,2
9138,Customer_9138,2
9141,Customer_9141,2
9144,Customer_9144,2
9150,Customer_9150,2
9153,Customer_9153,3
9175,Customer_9175,4
9209,Customer_9209,2
9210,Customer_9210,2
9217,Customer_9217,2
9229,Customer_9229,4
9232,Customer_9232,2
9253,Customer_9253,2
9262,Customer_9262,2
9274,Customer_9274,2
9281,Customer_9281,3
9293,Customer_9293,2
9305,Customer_9305,4
9319,Customer_9319,2
9325,Customer_9325,3
9341,Customer_9341,2
9351,Customer_9351,2
9384,Customer_9384,2
9386,Customer_9386,2
9401,Customer_9401,2
9409,Customer_9409,2
9461,Customer_9461,4
9520,Customer_9520,2
9536,Customer_9536,2
9552,Customer_9552,2
9553,Customer_9553,2
9554,Customer_9554,2
9558,Customer_9558,2
9563,Customer_9563,2
9597,Customer_9597,4
9600,Customer_9600,2
9620,Customer_9620,2
9625,Customer_9625,4
9633,Customer_9633,4
9645,Customer_9645,2
9649,Customer_9649,2
9659,Customer_9659,5
9668,Customer_9668,2
9669,Customer_9669,2
9675,Customer_9675,2
9696,Customer_9696,2
9703,Customer_9703,2
9786,Customer_9786,3
9789,Customer_9789,2
9811,Customer_9811,3
9816,Customer_9816,2
9836,Customer_9836,2
9885,Customer_9885,2
9897,Customer_9897,4
9924,Customer_9924,2
9932,Customer_9932,2
9936,Customer_9936,3
29,Customer_29,2
112,Customer_112,3
113,Customer_113,3
123,Customer_123,3
125,Customer_125,2
148,Customer_148,2
152,Customer_152,2
183,Customer_183,2
205,Customer_205,3
258,Customer_258,2
265,Customer_265,2
271,Customer_271,2
278,Customer_278,2
334,Customer_334,4
340,Customer_340,3
369,Customer_369,2
417,Customer_417,2
429,Customer_429,2
430,Customer_430,2
432,Customer_432,3
438,Customer_438,2
447,Customer_447,3
449,Customer_449,3
459,Customer_459,3
475,Customer_475,2
494,Customer_494,2
522,Customer_522,2
527,Customer_527,2
537,Customer_537,2
590,Customer_590,2
594,Customer_594,3
621,Customer_621,3
624,Customer_624,2
648,Customer_648,2
665,Customer_665,4
689,Customer_689,4
706,Customer_706,2
713,Customer_713,2
721,Customer_721,2
735,Customer_735,3
740,Customer_740,2
749,Customer_749,3
769,Customer_769,2
781,Customer_781,2
833,Customer_833,3
837,Customer_837,3
841,Customer_841,3
850,Customer_850,3
853,Customer_853,2
866,Customer_866,4
879,Customer_879,3
885,Customer_885,3
894,Customer_894,2
895,Customer_895,3
904,Customer_904,2
907,Customer_907,2
911,Customer_911,2
940,Customer_940,2
993,Customer_993,2
1012,Customer_1012,2
1020,Customer_1020,2
1071,Customer_1071,2
1077,Customer_1077,2
1103,Customer_1103,2
1119,Customer_1119,2
1132,Customer_1132,3
1139,Customer_1139,8
1140,Customer_1140,3
1142,Customer_1142,2
1149,Customer_1149,4
1155,Customer_1155,3
1163,Customer_1163,2
1169,Customer_1169,2
1208,Customer_1208,2
1222,Customer_1222,3
1247,Customer_1247,2
1251,Customer_1251,2
1259,Customer_1259,2
1289,Customer_1289,3
1294,Customer_1294,2
1303,Customer_1303,2
1306,Customer_1306,2
1310,Customer_1310,2
1330,Customer_1330,2
1348,Customer_1348,2
1352,Customer_1352,3
1357,Customer_1357,3
1387,Customer_1387,2
1393,Customer_1393,2
1394,Customer_1394,2
1421,Customer_1421,2
1423,Customer_1423,2
1437,Customer_1437,3
1461,Customer_1461,2
1467,Customer_1467,2
1492,Customer_1492,2
1499,Customer_1499,2
1506,Customer_1506,2
1510,Customer_1510,2
1515,Customer_1515,2
1528,Customer_1528,3
1532,Customer_1532,2
1537,Customer_1537,3
1559,Customer_1559,2
1589,Customer_1589,3
1592,Customer_1592,3
1596,Customer_1596,3
1613,Customer_1613,2
1658,Customer_1658,2
1675,Customer_1675,2
1679,Customer_1679,2
1683,Customer_1683,2
1714,Customer_1714,2
1724,Customer_1724,2
1785,Customer_1785,3
1796,Customer_1796,3
1814,Customer_1814,2
1821,Customer_1821,2
1823,Customer_1823,2
1832,Customer_1832,2
1867,Customer_1867,2
1871,Customer_1871,2
1912,Customer_1912,2
1919,Customer_1919,2
1933,Customer_1933,2
1934,Customer_1934,2
2009,Customer_2009,2
2014,Customer_2014,4
2040,Customer_2040,2
2042,Customer_2042,3
2089,Customer_2089,3
2095,Customer_2095,3
2097,Customer_2097,3
2106,Customer_2106,2
2112,Customer_2112,3
2124,Customer_2124,2
2130,Customer_2130,2
2150,Customer_2150,2
2167,Customer_2167,2
2176,Customer_2176,2
2212,Customer_2212,2
2215,Customer_2215,2
2225,Customer_2225,2
2247,Customer_2247,2
2251,Customer_2251,2
2285,Customer_2285,3
2287,Customer_2287,2
2288,Customer_2288,2
2324,Customer_2324,2
2328,Customer_2328,2
2334,Customer_2334,2
2338,Customer_2338,3
2346,Customer_2346,3
2394,Customer_2394,2
2411,Customer_2411,2
2416,Customer_2416,2
2417,Customer_2417,3
2422,Customer_2422,4
2429,Customer_2429,2
2432,Customer_2432,2
2465,Customer_2465,2
2502,Customer_2502,2
2508,Customer_2508,3
2509,Customer_2509,3
2516,Customer_2516,2
2521,Customer_2521,2
2543,Customer_2543,2
2550,Customer_2550,2
2553,Customer_2553,2
2565,Customer_2565,2
2630,Customer_2630,3
2669,Customer_2669,3
2694,Customer_2694,3
2732,Customer_2732,2
2739,Customer_2739,4
2750,Customer_2750,2
2753,Customer_2753,3
2754,Customer_2754,2
2768,Customer_2768,2
2774,Customer_2774,2
2805,Customer_2805,4
2811,Customer_2811,2
2812,Customer_2812,4
2819,Customer_2819,2
2829,Customer_2829,6
2843,Customer_2843,2
2859,Customer_2859,2
2860,Customer_2860,2
2861,Customer_2861,2
2866,Customer_2866,2
2898,Customer_2898,3
2919,Customer_2919,2
2934,Customer_2934,3
2949,Customer_2949,2
2969,Customer_2969,2
2995,Customer_2995,4
3000,Customer_3000,2
3022,Customer_3022,2
3032,Customer_3032,2
3070,Customer_3070,2
3107,Customer_3107,2
3115,Customer_3115,3
3157,Customer_3157,2
3161,Customer_3161,2
3214,Customer_3214,3
3219,Customer_3219,2
3249,Customer_3249,2
3253,Customer_3253,3
3311,Customer_3311,2
3337,Customer_3337,3
3343,Customer_3343,2
3368,Customer_3368,2
3374,Customer_3374,2
3389,Customer_3389,2
3395,Customer_3395,2
3405,Customer_3405,2
3427,Customer_3427,3
3447,Customer_3447,2
3463,Customer_3463,2
3497,Customer_3497,2
3521,Customer_3521,2
3523,Customer_3523,3
3537,Customer_3537,3
3547,Customer_3547,2
3572,Customer_3572,3
3576,Customer_3576,2
3577,Customer_3577,2
3588,Customer_3588,2
3594,Customer_3594,2
3605,Customer_3605,2
3606,Customer_3606,4
3622,Customer_3622,2
3654,Customer_3654,2
3656,Customer_3656,2
3663,Customer_3663,2
3694,Customer_3694,2
3698,Customer_3698,2
3713,Customer_3713,2
3716,Customer_3716,3
3718,Customer_3718,3
3726,Customer_3726,2
3735,Customer_3735,2
3739,Customer_3739,2
3740,Customer_3740,2
3753,Customer_3753,2
3754,Customer_3754,2
3794,Customer_3794,2
3800,Customer_3800,2
3807,Customer_3807,3
3858,Customer_3858,2
3879,Customer_3879,4
3911,Customer_3911,2
3920,Customer_3920,2
3943,Customer_3943,2
3954,Customer_3954,2
3957,Customer_3957,2
4009,Customer_4009,2
4024,Customer_4024,2
4028,Customer_4028,2
4036,Customer_4036,2
4042,Customer_4042,2
4115,Customer_4115,3
4136,Customer_4136,3
4149,Customer_4149,3
4193,Customer_4193,2
4204,Customer_4204,2
4252,Customer_4252,3
4302,Customer_4302,3
4306,Customer_4306,3
4323,Customer_4323,2
4347,Customer_4347,2
4351,Customer_4351,4
4353,Customer_4353,3
4383,Customer_4383,2
4417,Customer_4417,3
4447,Customer_4447,3
4449,Customer_4449,2
4462,Customer_4462,2
4469,Customer_4469,3
4473,Customer_4473,2
4483,Customer_4483,2
4493,Customer_4493,3
4498,Customer_4498,3
4510,Customer_4510,3
4513,Customer_4513,2
4526,Customer_4526,2
4554,Customer_4554,2
4565,Customer_4565,2
4577,Customer_4577,2
4580,Customer_4580,2
4604,Customer_4604,2
4610,Customer_4610,5
4620,Customer_4620,2
4630,Customer_4630,2
4665,Customer_4665,4
4669,Customer_4669,2
4678,Customer_4678,2
4681,Customer_4681,2
4684,Customer_4684,2
4687,Customer_4687,3
4688,Customer_4688,2
4693,Customer_4693,2
4701,Customer_4701,2
4702,Customer_4702,2
4706,Customer_4706,2
4751,Customer_4751,2
4758,Customer_4758,3
4787,Customer_4787,3
4797,Customer_4797,2
4817,Customer_4817,2
4857,Customer_4857,2
4882,Customer_4882,3
4908,Customer_4908,2
4910,Customer_4910,2
4918,Customer_4918,2
4931,Customer_4931,3
4932,Customer_4932,4
4945,Customer_4945,2
4956,Customer_4956,2
5019,Customer_5019,2
5020,Customer_5020,2
5040,Customer_5040,3
5061,Customer_5061,2
5065,Customer_5065,2
5070,Customer_5070,3
5071,Customer_5071,3
5073,Customer_5073,2
5121,Customer_5121,2
5152,Customer_5152,2
5163,Customer_5163,2
5168,Customer_5168,4
5175,Customer_5175,2
5178,Customer_5178,3
5185,Customer_5185,2
5234,Customer_5234,2
5237,Customer_5237,2
5250,Customer_5250,2
5252,Customer_5252,2
5254,Customer_5254,3
5260,Customer_5260,2
5272,Customer_5272,2
5285,Customer_5285,2
5291,Customer_5291,2
5303,Customer_5303,3
5325,Customer_5325,3
5326,Customer_5326,2
5329,Customer_5329,3
5330,Customer_5330,2
5381,Customer_5381,3
5391,Customer_5391,2
5404,Customer_5404,2
5443,Customer_5443,4
5455,Customer_5455,2
5458,Customer_5458,2
5474,Customer_5474,3
5491,Customer_5491,4
5498,Customer_5498,2
5533,Customer_5533,2
5539,Customer_5539,2
5546,Customer_5546,3
5554,Customer_5554,2
5566,Customer_5566,2
5596,Customer_5596,2
5604,Customer_5604,2
5607,Customer_5607,3
5633,Customer_5633,2
5640,Customer_5640,4
5658,Customer_5658,4
5660,Customer_5660,4
5681,Customer_5681,2
5691,Customer_5691,3
5712,Customer_5712,4
5713,Customer_5713,2
5725,Customer_5725,4
5743,Customer_5743,2
5759,Customer_5759,2
5763,Customer_5763,2
5775,Customer_5775,2
5801,Customer_5801,3
5802,Customer_5802,2
5829,Customer_5829,2
5830,Customer_5830,3
5853,Customer_5853,2
5866,Customer_5866,2
5894,Customer_5894,2
5905,Customer_5905,5
5930,Customer_5930,2
5931,Customer_5931,2
5932,Customer_5932,2
5938,Customer_5938,2
5939,Customer_5939,3
5964,Customer_5964,2
5990,Customer_5990,2
6001,Customer_6001,3
6014,Customer_6014,2
6046,Customer_6046,2
6052,Customer_6052,2
6071,Customer_6071,3
6086,Customer_6086,2
6110,Customer_6110,2
6113,Customer_6113,3
6118,Customer_6118,2
6122,Customer_6122,3
6127,Customer_6127,2
6148,Customer_6148,2
6150,Customer_6150,2
6158,Customer_6158,2
6159,Customer_6159,2
6169,Customer_6169,2
6172,Customer_6172,2
6176,Customer_6176,3
6181,Customer_6181,2
6188,Customer_6188,2
6201,Customer_6201,2
6221,Customer_6221,2
6241,Customer_6241,2
6255,Customer_6255,4
6271,Customer_6271,2
6275,Customer_6275,2
6289,Customer_6289,3
6312,Customer_6312,2
6317,Customer_6317,2
6337,Customer_6337,3
6367,Customer_6367,2
6369,Customer_6369,2
6393,Customer_6393,2
6447,Customer_6447,2
6463,Customer_6463,2
6465,Customer_6465,3
6467,Customer_6467,2
6498,Customer_6498,2
6499,Customer_6499,2
6508,Customer_6508,2
6511,Customer_6511,2
6548,Customer_6548,4
6556,Customer_6556,2
6567,Customer_6567,4
6568,Customer_6568,2
6573,Customer_6573,3
6596,Customer_6596,2
6604,Customer_6604,2
6609,Customer_6609,3
6621,Customer_6621,3
6625,Customer_6625,4
6634,Customer_6634,2
6636,Customer_6636,2
6640,Customer_6640,3
6657,Customer_6657,3
6662,Customer_6662,3
6663,Customer_6663,2
6667,Customer_6667,2
6681,Customer_6681,2
6711,Customer_6711,2
6723,Customer_6723,2
6734,Customer_6734,2
6741,Customer_6741,2
6751,Customer_6751,2
6753,Customer_6753,3
6802,Customer_6802,3
6832,Customer_6832,2
6835,Customer_6835,2
6839,Customer_6839,2
6845,Customer_6845,4
6852,Customer_6852,2
6877,Customer_6877,3
6884,Customer_6884,2
6885,Customer_6885,3
6900,Customer_6900,2
6928,Customer_6928,2
6949,Customer_6949,4
6961,Customer_6961,3
6983,Customer_6983,3
6994,Customer_6994,2
7000,Customer_7000,2
7020,Customer_7020,3
7026,Customer_7026,4
7033,Customer_7033,2
7050,Customer_7050,2
7107,Customer_7107,4
7116,Customer_7116,2
7127,Customer_7127,2
7155,Customer_7155,2
7163,Customer_7163,4
7164,Customer_7164,2
7181,Customer_7181,2
7185,Customer_7185,4
7188,Customer_7188,3
7203,Customer_7203,4
7212,Customer_7212,3
7234,Customer_7234,2
7235,Customer_7235,3
7239,Customer_7239,2
7242,Customer_7242,2
7243,Customer_7243,2
7271,Customer_7271,2
7296,Customer_7296,2
7317,Customer_7317,4
7323,Customer_7323,2
7328,Customer_7328,2
7335,Customer_7335,2
7346,Customer_7346,3
7350,Customer_7350,2
7364,Customer_7364,5
7389,Customer_7389,2
7405,Customer_7405,2
7424,Customer_7424,3
7426,Customer_7426,3
7444,Customer_7444,2
7446,Customer_7446,2
7491,Customer_7491,2
7506,Customer_7506,2
7519,Customer_7519,4
7530,Customer_7530,2
7540,Customer_7540,2
7550,Customer_7550,2
7559,Customer_7559,2
7605,Customer_7605,2
7619,Customer_7619,2
7622,Customer_7622,2
7633,Customer_7633,3
7638,Customer_7638,4
7650,Customer_7650,2
7652,Customer_7652,3
7662,Customer_7662,4
7699,Customer_7699,2
7718,Customer_7718,3
7741,Customer_7741,3
7751,Customer_7751,2
7764,Customer_7764,2
7781,Customer_7781,3
7790,Customer_7790,2
7809,Customer_7809,2
7853,Customer_7853,3
7856,Customer_7856,2
7864,Customer_7864,2
7865,Customer_7865,2
7878,Customer_7878,3
7896,Customer_7896,2
7907,Customer_7907,2
7933,Customer_7933,2
7947,Customer_7947,5
7951,Customer_7951,3
7965,Customer_7965,5
7971,Customer_7971,2
7988,Customer_7988,2
7994,Customer_7994,2
8001,Customer_8001,3
8008,Customer_8008,2
8011,Customer_8011,2
8014,Customer_8014,2
8022,Customer_8022,3
8042,Customer_8042,2
8044,Customer_8044,3
8048,Customer_8048,3
8051,Customer_8051,3
8054,Customer_8054,3
8067,Customer_8067,2
8073,Customer_8073,2
8075,Customer_8075,2
8081,Customer_8081,2
8096,Customer_8096,4
8138,Customer_8138,2
8141,Customer_8141,2
8169,Customer_8169,3
8196,Customer_8196,2
8197,Customer_8197,2
8210,Customer_8210,2
8217,Customer_8217,2
8266,Customer_8266,3
8301,Customer_8301,2
8308,Customer_8308,2
8322,Customer_8322,3
8355,Customer_8355,2
8360,Customer_8360,2
8365,Customer_8365,2
8373,Customer_8373,2
8379,Customer_8379,3
8389,Customer_8389,2
8392,Customer_8392,2
8393,Customer_8393,2
8402,Customer_8402,2
8407,Customer_8407,3
8417,Customer_8417,3
8451,Customer_8451,2
8454,Customer_8454,2
8467,Customer_8467,2
8472,Customer_8472,2
8511,Customer_8511,2
8516,Customer_8516,2
8520,Customer_8520,2
8541,Customer_8541,5
8546,Customer_8546,2
8566,Customer_8566,2
8577,Customer_8577,2
8594,Customer_8594,2
8629,Customer_8629,2
8631,Customer_8631,4
8649,Customer_8649,4
8653,Customer_8653,2
8656,Customer_8656,2
8675,Customer_8675,2
8732,Customer_8732,2
8755,Customer_8755,2
8789,Customer_8789,2
8792,Customer_8792,2
8794,Customer_8794,2
8833,Customer_8833,2
8835,Customer_8835,2
8848,Customer_8848,4
8855,Customer_8855,2
8879,Customer_8879,2
8893,Customer_8893,3
8895,Customer_8895,2
8933,Customer_8933,2
8966,Customer_8966,3
8978,Customer_8978,2
8982,Customer_8982,2
8983,Customer_8983,2
9040,Customer_9040,2
9042,Customer_9042,2
9052,Customer_9052,2
9061,Customer_9061,2
9070,Customer_9070,3
9083,Customer_9083,2
9123,Customer_9123,2
9124,Customer_9124,2
9147,Customer_9147,3
9203,Customer_9203,2
9222,Customer_9222,3
9225,Customer_9225,2
9246,Customer_9246,3
9257,Customer_9257,2
9292,Customer_9292,2
9299,Customer_9299,2
9310,Customer_9310,3
9317,Customer_9317,2
9331,Customer_9331,2
9377,Customer_9377,2
9410,Customer_9410,2
9411,Customer_9411,4
9454,Customer_9454,2
9485,Customer_9485,2
9487,Customer_9487,2
9494,Customer_9494,3
9509,Customer_9509,2
9516,Customer_9516,2
9530,Customer_9530,2
9578,Customer_9578,2
9606,Customer_9606,3
9609,Customer_9609,2
9617,Customer_9617,3
9629,Customer_9629,2
9648,Customer_9648,3
9652,Customer_9652,4
9653,Customer_9653,2
9654,Customer_9654,2
9666,Customer_9666,2
9681,Customer_9681,2
9687,Customer_9687,2
9691,Customer_9691,2
9714,Customer_9714,2
9717,Customer_9717,2
9728,Customer_9728,2
9732,Customer_9732,2
9742,Customer_9742,2
9743,Customer_9743,2
9793,Customer_9793,3
9794,Customer_9794,2
9804,Customer_9804,3
9829,Customer_9829,4
9831,Customer_9831,3
9840,Customer_9840,2
9845,Customer_9845,2
9854,Customer_9854,3
9862,Customer_9862,2
9866,Customer_9866,2
9892,Customer_9892,2
9960,Customer_9960,4
9967,Customer_9967,2
9972,Customer_9972,2
9975,Customer_9975,7
9983,Customer_9983,2
9992,Customer_9992,3
32,Customer_32,2
55,Customer_55,2
57,Customer_57,2
65,Customer_65,2
69,Customer_69,2
73,Customer_73,2
74,Customer_74,2
76,Customer_76,2
81,Customer_81,3
87,Customer_87,3
98,Customer_98,2
127,Customer_127,3
141,Customer_141,2
167,Customer_167,2
197,Customer_197,2
203,Customer_203,2
226,Customer_226,3
230,Customer_230,2
241,Customer_241,2
255,Customer_255,3
276,Customer_276,2
277,Customer_277,2
289,Customer_289,3
297,Customer_297,2
320,Customer_320,2
330,Customer_330,3
336,Customer_336,3
337,Customer_337,2
348,Customer_348,2
355,Customer_355,2
364,Customer_364,3
366,Customer_366,2
390,Customer_390,3
413,Customer_413,2
442,Customer_442,2
446,Customer_446,2
453,Customer_453,2
466,Customer_466,2
471,Customer_471,2
521,Customer_521,3
572,Customer_572,3
578,Customer_578,4
600,Customer_600,2
614,Customer_614,2
642,Customer_642,2
644,Customer_644,2
656,Customer_656,3
692,Customer_692,3
702,Customer_702,2
710,Customer_710,3
728,Customer_728,2
739,Customer_739,2
752,Customer_752,2
754,Customer_754,2
770,Customer_770,2
785,Customer_785,2
787,Customer_787,2
799,Customer_799,2
802,Customer_802,2
806,Customer_806,2
830,Customer_830,3
854,Customer_854,2
860,Customer_860,3
882,Customer_882,2
888,Customer_888,2
889,Customer_889,2
910,Customer_910,2
935,Customer_935,2
947,Customer_947,2
956,Customer_956,2
957,Customer_957,3
958,Customer_958,2
975,Customer_975,2
976,Customer_976,2
992,Customer_992,2
1025,Customer_1025,3
1035,Customer_1035,2
1044,Customer_1044,2
1063,Customer_1063,2
1068,Customer_1068,2
1094,Customer_1094,2
1108,Customer_1108,2
1122,Customer_1122,2
1159,Customer_1159,3
1175,Customer_1175,2
1179,Customer_1179,5
1256,Customer_1256,3
1265,Customer_1265,2
1288,Customer_1288,5
1293,Customer_1293,3
1318,Customer_1318,3
1319,Customer_1319,3
1327,Customer_1327,2
1373,Customer_1373,3
1379,Customer_1379,2
1388,Customer_1388,2
1418,Customer_1418,2
1424,Customer_1424,2
1445,Customer_1445,3
1447,Customer_1447,3
1471,Customer_1471,2
1472,Customer_1472,2
1482,Customer_1482,2
1511,Customer_1511,2
1542,Customer_1542,2
1562,Customer_1562,3
1567,Customer_1567,2
1578,Customer_1578,2
1582,Customer_1582,4
1605,Customer_1605,2
1625,Customer_1625,2
1633,Customer_1633,2
1638,Customer_1638,2
1653,Customer_1653,2
1667,Customer_1667,2
1676,Customer_1676,3
1695,Customer_1695,2
1706,Customer_1706,2
1720,Customer_1720,2
1733,Customer_1733,3
1734,Customer_1734,3
1752,Customer_1752,2
1760,Customer_1760,2
1771,Customer_1771,2
1779,Customer_1779,2
1782,Customer_1782,2
1799,Customer_1799,2
1804,Customer_1804,2
1810,Customer_1810,2
1817,Customer_1817,3
1825,Customer_1825,2
1843,Customer_1843,2
1855,Customer_1855,2
1864,Customer_1864,2
1943,Customer_1943,2
1976,Customer_1976,3
1984,Customer_1984,2
2016,Customer_2016,3
2017,Customer_2017,2
2064,Customer_2064,3
2067,Customer_2067,3
2073,Customer_2073,3
2080,Customer_2080,2
2100,Customer_2100,2
2108,Customer_2108,3
2122,Customer_2122,3
2125,Customer_2125,3
2156,Customer_2156,2
2171,Customer_2171,2
2290,Customer_2290,2
2295,Customer_2295,2
2298,Customer_2298,3
2319,Customer_2319,3
2322,Customer_2322,2
2327,Customer_2327,2
2345,Customer_2345,2
2376,Customer_2376,2
2383,Customer_2383,2
2398,Customer_2398,2
2410,Customer_2410,2
2423,Customer_2423,2
2438,Customer_2438,2
2442,Customer_2442,3
2473,Customer_2473,3
2494,Customer_2494,2
2501,Customer_2501,3
2504,Customer_2504,4
2525,Customer_2525,2
2562,Customer_2562,2
2569,Customer_2569,2
2572,Customer_2572,2
2573,Customer_2573,3
2593,Customer_2593,2
2614,Customer_2614,2
2616,Customer_2616,2
2626,Customer_2626,2
2631,Customer_2631,2
2639,Customer_2639,4
2691,Customer_2691,3
2697,Customer_2697,2
2700,Customer_2700,2
2716,Customer_2716,2
2720,Customer_2720,2
2743,Customer_2743,2
2747,Customer_2747,2
2749,Customer_2749,2
2763,Customer_2763,2
2799,Customer_2799,2
2841,Customer_2841,2
2849,Customer_2849,3
2877,Customer_2877,2
2887,Customer_2887,3
2902,Customer_2902,2
3002,Customer_3002,2
3027,Customer_3027,3
3046,Customer_3046,2
3065,Customer_3065,2
3081,Customer_3081,2
3088,Customer_3088,3
3131,Customer_3131,2
3139,Customer_3139,2
3142,Customer_3142,2
3144,Customer_3144,2
3148,Customer_3148,4
3158,Customer_3158,3
3162,Customer_3162,3
3175,Customer_3175,2
3193,Customer_3193,2
3194,Customer_3194,3
3203,Customer_3203,2
3211,Customer_3211,3
3228,Customer_3228,2
3259,Customer_3259,3
3260,Customer_3260,3
3269,Customer_3269,3
3317,Customer_3317,2
3321,Customer_3321,2
3325,Customer_3325,2
3328,Customer_3328,2
3378,Customer_3378,2
3396,Customer_3396,2
3418,Customer_3418,2
3432,Customer_3432,2
3433,Customer_3433,2
3442,Customer_3442,4
3445,Customer_3445,2
3446,Customer_3446,2
3457,Customer_3457,2
3477,Customer_3477,2
3488,Customer_3488,2
3501,Customer_3501,2
3506,Customer_3506,2
3518,Customer_3518,3
3531,Customer_3531,3
3544,Customer_3544,5
3602,Customer_3602,3
3607,Customer_3607,2
3613,Customer_3613,3
3627,Customer_3627,2
3633,Customer_3633,2
3653,Customer_3653,2
3655,Customer_3655,2
3660,Customer_3660,2
3699,Customer_3699,2
3700,Customer_3700,4
3711,Customer_3711,2
3770,Customer_3770,2
3784,Customer_3784,3
3827,Customer_3827,2
3828,Customer_3828,4
3873,Customer_3873,3
3902,Customer_3902,2
3907,Customer_3907,2
3913,Customer_3913,2
3923,Customer_3923,2
3924,Customer_3924,2
3980,Customer_3980,3
3982,Customer_3982,2
3991,Customer_3991,2
4019,Customer_4019,2
4030,Customer_4030,2
4050,Customer_4050,2
4052,Customer_4052,2
4053,Customer_4053,3
4095,Customer_4095,2
4107,Customer_4107,2
4110,Customer_4110,2
4118,Customer_4118,2
4143,Customer_4143,2
4188,Customer_4188,2
4199,Customer_4199,2
4237,Customer_4237,2
4241,Customer_4241,2
4285,Customer_4285,2
4292,Customer_4292,3
4307,Customer_4307,2
4310,Customer_4310,2
4311,Customer_4311,2
4326,Customer_4326,5
4328,Customer_4328,2
4367,Customer_4367,2
4377,Customer_4377,2
4403,Customer_4403,2
4433,Customer_4433,2
4438,Customer_4438,2
4450,Customer_4450,3
4459,Customer_4459,2
4471,Customer_4471,2
4477,Customer_4477,2
4479,Customer_4479,2
4521,Customer_4521,2
4531,Customer_4531,3
4566,Customer_4566,2
4587,Customer_4587,2
4591,Customer_4591,2
4596,Customer_4596,2
4597,Customer_4597,3
4602,Customer_4602,2
4632,Customer_4632,4
4652,Customer_4652,3
4653,Customer_4653,3
4664,Customer_4664,2
4676,Customer_4676,2
4699,Customer_4699,2
4721,Customer_4721,2
4765,Customer_4765,2
4772,Customer_4772,3
4782,Customer_4782,2
4790,Customer_4790,2
4805,Customer_4805,3
4813,Customer_4813,2
4819,Customer_4819,2
4828,Customer_4828,2
4838,Customer_4838,2
4853,Customer_4853,4
4858,Customer_4858,2
4881,Customer_4881,2
4889,Customer_4889,2
4891,Customer_4891,2
4900,Customer_4900,2
4906,Customer_4906,2
4924,Customer_4924,2
4951,Customer_4951,2
4954,Customer_4954,2
4961,Customer_4961,2
4983,Customer_4983,3
5006,Customer_5006,2
5010,Customer_5010,2
5018,Customer_5018,3
5023,Customer_5023,2
5031,Customer_5031,2
5052,Customer_5052,2
5054,Customer_5054,2
5130,Customer_5130,2
5143,Customer_5143,2
5144,Customer_5144,2
5165,Customer_5165,2
5200,Customer_5200,4
5201,Customer_5201,2
5227,Customer_5227,3
5236,Customer_5236,2
5253,Customer_5253,3
5269,Customer_5269,3
5276,Customer_5276,2
5280,Customer_5280,2
5311,Customer_5311,2
5313,Customer_5313,3
5315,Customer_5315,5
5323,Customer_5323,2
5350,Customer_5350,2
5360,Customer_5360,2
5373,Customer_5373,4
5420,Customer_5420,2
5448,Customer_5448,2
5461,Customer_5461,2
5462,Customer_5462,2
5463,Customer_5463,2
5465,Customer_5465,3
5467,Customer_5467,2
5468,Customer_5468,3
5516,Customer_5516,2
5519,Customer_5519,4
5524,Customer_5524,2
5529,Customer_5529,4
5541,Customer_5541,5
5549,Customer_5549,3
5550,Customer_5550,5
5567,Customer_5567,2
5584,Customer_5584,2
5630,Customer_5630,2
5648,Customer_5648,2
5653,Customer_5653,4
5687,Customer_5687,4
5701,Customer_5701,2
5727,Customer_5727,3
5765,Customer_5765,2
5778,Customer_5778,3
5781,Customer_5781,2
5793,Customer_5793,2
5835,Customer_5835,2
5845,Customer_5845,2
5864,Customer_5864,2
5882,Customer_5882,3
5895,Customer_5895,3
5897,Customer_5897,2
5898,Customer_5898,3
5922,Customer_5922,2
5925,Customer_5925,2
5951,Customer_5951,3
5967,Customer_5967,2
5978,Customer_5978,2
5998,Customer_5998,2
6015,Customer_6015,2
6037,Customer_6037,2
6058,Customer_6058,3
6075,Customer_6075,2
6109,Customer_6109,2
6114,Customer_6114,2
6117,Customer_6117,2
6121,Customer_6121,2
6141,Customer_6141,3
6143,Customer_6143,4
6151,Customer_6151,2
6163,Customer_6163,3
6204,Customer_6204,3
6268,Customer_6268,2
6278,Customer_6278,2
6282,Customer_6282,2
6285,Customer_6285,4
6318,Customer_6318,2
6323,Customer_6323,2
6329,Customer_6329,2
6347,Customer_6347,3
6359,Customer_6359,3
6375,Customer_6375,2
6380,Customer_6380,4
6385,Customer_6385,2
6405,Customer_6405,4
6410,Customer_6410,3
6432,Customer_6432,2
6439,Customer_6439,2
6442,Customer_6442,2
6448,Customer_6448,2
6469,Customer_6469,2
6507,Customer_6507,2
6560,Customer_6560,3
6571,Customer_6571,2
6584,Customer_6584,3
6587,Customer_6587,2
6593,Customer_6593,2
6624,Customer_6624,2
6635,Customer_6635,2
6648,Customer_6648,2
6659,Customer_6659,2
6679,Customer_6679,3
6688,Customer_6688,2
6710,Customer_6710,2
6736,Customer_6736,2
6740,Customer_6740,2
6744,Customer_6744,2
6752,Customer_6752,2
6761,Customer_6761,2
6769,Customer_6769,3
6780,Customer_6780,3
6783,Customer_6783,2
6787,Customer_6787,3
6790,Customer_6790,2
6796,Customer_6796,2
6820,Customer_6820,2
6838,Customer_6838,2
6860,Customer_6860,3
6862,Customer_6862,3
6866,Customer_6866,2
6895,Customer_6895,3
6897,Customer_6897,2
6916,Customer_6916,3
6920,Customer_6920,2
6959,Customer_6959,3
6970,Customer_6970,4
6981,Customer_6981,2
6992,Customer_6992,2
6993,Customer_6993,2
6999,Customer_6999,2
7004,Customer_7004,2
7015,Customer_7015,3
7023,Customer_7023,4
7040,Customer_7040,2
7041,Customer_7041,3
7047,Customer_7047,3
7056,Customer_7056,2
7057,Customer_7057,3
7071,Customer_7071,3
7087,Customer_7087,2
7096,Customer_7096,3
7105,Customer_7105,2
7106,Customer_7106,2
7141,Customer_7141,2
7159,Customer_7159,2
7183,Customer_7183,2
7184,Customer_7184,2
7207,Customer_7207,3
7225,Customer_7225,2
7233,Customer_7233,2
7237,Customer_7237,2
7238,Customer_7238,2
7240,Customer_7240,2
7261,Customer_7261,2
7266,Customer_7266,2
7279,Customer_7279,3
7297,Customer_7297,3
7301,Customer_7301,2
7359,Customer_7359,2
7362,Customer_7362,2
7378,Customer_7378,5
7406,Customer_7406,2
7410,Customer_7410,2
7412,Customer_7412,2
7431,Customer_7431,2
7432,Customer_7432,2
7441,Customer_7441,2
7451,Customer_7451,2
7466,Customer_7466,2
7473,Customer_7473,2
7494,Customer_7494,2
7495,Customer_7495,3
7512,Customer_7512,2
7533,Customer_7533,2
7539,Customer_7539,2
7541,Customer_7541,2
7552,Customer_7552,2
7564,Customer_7564,3
7573,Customer_7573,3
7617,Customer_7617,2
7630,Customer_7630,2
7642,Customer_7642,4
7645,Customer_7645,2
7653,Customer_7653,2
7661,Customer_7661,3
7676,Customer_7676,2
7681,Customer_7681,2
7689,Customer_7689,3
7697,Customer_7697,2
7725,Customer_7725,2
7739,Customer_7739,2
7773,Customer_7773,2
7805,Customer_7805,2
7806,Customer_7806,3
7807,Customer_7807,2
7811,Customer_7811,2
7824,Customer_7824,2
7835,Customer_7835,2
7840,Customer_7840,2
7881,Customer_7881,4
7922,Customer_7922,2
7925,Customer_7925,2
7929,Customer_7929,2
7935,Customer_7935,2
7942,Customer_7942,2
7952,Customer_7952,2
7984,Customer_7984,2
7985,Customer_7985,4
7996,Customer_7996,2
8002,Customer_8002,3
8036,Customer_8036,3
8039,Customer_8039,2
8047,Customer_8047,2
8071,Customer_8071,2
8084,Customer_8084,3
8085,Customer_8085,2
8095,Customer_8095,2
8129,Customer_8129,2
8130,Customer_8130,2
8133,Customer_8133,2
8135,Customer_8135,2
8173,Customer_8173,3
8183,Customer_8183,2
8219,Customer_8219,2
8224,Customer_8224,2
8282,Customer_8282,2
8289,Customer_8289,2
8329,Customer_8329,2
8400,Customer_8400,3
8424,Customer_8424,4
8445,Customer_8445,2
8447,Customer_8447,2
8465,Customer_8465,3
8471,Customer_8471,2
8571,Customer_8571,2
8574,Customer_8574,2
8587,Customer_8587,2
8592,Customer_8592,4
8601,Customer_8601,3
8615,Customer_8615,3
8637,Customer_8637,2
8645,Customer_8645,2
8684,Customer_8684,2
8693,Customer_8693,2
8705,Customer_8705,5
8726,Customer_8726,2
8735,Customer_8735,3
8780,Customer_8780,3
8806,Customer_8806,2
8807,Customer_8807,4
8852,Customer_8852,3
8867,Customer_8867,3
8881,Customer_8881,2
8882,Customer_8882,2
8912,Customer_8912,2
8923,Customer_8923,2
8989,Customer_8989,2
8991,Customer_8991,3
9023,Customer_9023,2
9050,Customer_9050,2
9051,Customer_9051,2
9053,Customer_9053,2
9065,Customer_9065,3
9069,Customer_9069,2
9074,Customer_9074,2
9084,Customer_9084,2
9109,Customer_9109,2
9133,Customer_9133,2
9137,Customer_9137,2
9162,Customer_9162,2
9174,Customer_9174,2
9186,Customer_9186,3
9202,Customer_9202,2
9228,Customer_9228,2
9230,Customer_9230,2
9234,Customer_9234,3
9245,Customer_9245,2
9271,Customer_9271,2
9277,Customer_9277,2
9289,Customer_9289,2
9308,Customer_9308,2
9315,Customer_9315,3
9328,Customer_9328,2
9358,Customer_9358,2
9380,Customer_9380,2
9387,Customer_9387,2
9390,Customer_9390,2
9391,Customer_9391,3
9392,Customer_9392,2
9414,Customer_9414,2
9425,Customer_9425,2
9428,Customer_9428,3
9442,Customer_9442,3
9453,Customer_9453,2
9458,Customer_9458,2
9468,Customer_9468,2
9478,Customer_9478,2
9489,Customer_9489,2
9505,Customer_9505,2
9511,Customer_9511,2
9515,Customer_9515,3
9525,Customer_9525,3
9534,Customer_9534,2
9566,Customer_9566,2
9589,Customer_9589,3
9603,Customer_9603,2
9621,Customer_9621,2
9624,Customer_9624,2
9638,Customer_9638,2
9641,Customer_9641,2
9655,Customer_9655,3
9667,Customer_9667,2
9673,Customer_9673,4
9688,Customer_9688,2
9704,Customer_9704,3
9722,Customer_9722,3
9730,Customer_9730,2
9745,Customer_9745,2
9746,Customer_9746,2
9761,Customer_9761,2
9790,Customer_9790,2
9800,Customer_9800,2
9848,Customer_9848,2
9863,Customer_9863,2
9889,Customer_9889,2
9903,Customer_9903,2
9906,Customer_9906,2
9914,Customer_9914,2
9920,Customer_9920,2
9931,Customer_9931,2
9935,Customer_9935,2
9940,Customer_9940,2
9971,Customer_9971,2
9988,Customer_9988,2
9989,Customer_9989,2
9996,Customer_9996,4
